timestamp,numPoints,FPS,Total meshes@Count,Active meshes@Count,Active indices@Count,Active bones@Count,Active particles@Count,Draw calls@Count,Total lights@Count,Total vertices@Count,Total materials@Count,Total textures@Count,Absolute FPS@Frame Steps Duration,Meshes Selection@Frame Steps Duration,Render Targets@Frame Steps Duration,Particles@Frame Steps Duration,Sprites@Frame Steps Duration,Animations@Frame Steps Duration,Physics@Frame Steps Duration,Render@Frame Steps Duration,Frame Total@Frame Steps Duration,Inter-frame@Frame Steps Duration,GPU frame time@Frame Steps Duration
1.600000023841858,22,32.237266540527344,2,2,2221068,0,0,1,1,393655,2,1,2200,0,0,0,0,0,0,0.20000004768371582,0.3999999761581421,29.299999237060547,6.260140895843506
31.899999618530273,22,32.27888870239258,2,2,2221068,0,0,1,1,393655,2,1,2200,0,0,0,0,0,0,0.09999990463256836,0.3999999761581421,30,10.860372543334961
63.79999923706055,22,32.244197845458984,2,2,2221068,0,0,1,1,393655,2,1,2200,0.10000002384185791,0,0,0,0,0,0.10000002384185791,0.3999999761581421,31.5,10.860372543334961
96,22,32.206119537353516,2,2,2221068,0,0,1,1,393655,2,1,2200,0,0.09999990463256836,0,0,0,0,0.10000002384185791,0.3999999761581421,31.799999237060547,6.229391098022461
127.0999984741211,22,32.25806427001953,2,2,2221068,0,0,1,1,393655,2,1,2200,0,0,0,0,0.09999990463256836,0,0.10000002384185791,0.3999999761581421,30.700000762939453,6.229391098022461
159.1999969482422,22,32.1646842956543,2,2,2221068,0,0,1,1,393655,2,1,2200,0,0,0,0,0,0,0.20000004768371582,0.5,31.600000381469727,6.320223808288574
190.39999389648438,22,32.126792907714844,2,2,2221068,0,0,1,1,393655,2,1,2200,0,0,0,0,0,0,0.10000002384185791,0.19999992847442627,31,6.320223808288574
222.3000030517578,22,32.13711929321289,2,2,2221068,0,0,1,1,393655,2,1,2200,0,0,0,0,0,0,0.10000002384185791,0.5,31.399999618530273,6.3315582275390625
252.5,22,32.17158126831055,2,2,2221068,0,0,1,1,393655,2,1,2200,0,0,0,0,0,0,0.20000004768371582,0.2999999523162842,29.899999618530273,6.3315582275390625
282.8999938964844,22,32.1474494934082,2,2,2221068,0,0,1,1,393655,2,1,2200,0,0,0,0,0,0,0.19999992847442627,0.3999999761581421,30,9.102712631225586
315.6000061035156,22,32.12335205078125,2,2,2221068,0,0,1,1,393655,2,1,2200,0,0,0,0,0,0,0.20000004768371582,0.8999999761581421,31.799999237060547,9.102712631225586
346.1000061035156,22,32.11991500854492,2,2,2221068,0,0,1,1,393655,2,1,2200,0,0,0,0,0,0,0.20000004768371582,0.3999999761581421,30.100000381469727,6.6718058586120605
377.6000061035156,22,32.213035583496094,2,2,2221068,0,0,1,1,393655,2,1,2200,0,0,0,0,0,0,0.10000002384185791,0.3999999761581421,31.100000381469727,6.6718058586120605
409.1000061035156,22,32.071842193603516,2,2,2221068,0,0,1,1,393655,2,1,2200,0,0,0,0,0.09999990463256836,0,0.20000004768371582,0.3999999761581421,31.100000381469727,6.415556907653809
440,22,32.071842193603516,2,2,2221068,0,0,1,1,393655,2,1,2200,0.09999990463256836,0,0,0,0.10000002384185791,0,0.10000002384185791,0.5,30.399999618530273,6.415556907653809
471.6000061035156,22,32.02732849121094,2,2,2221068,0,0,1,1,393655,2,1,2200,0,0,0,0,0,0,0.10000002384185791,0.3999999761581421,31.200000762939453,6.770222187042236
501.79998779296875,22,32.06841278076172,2,2,2221068,0,0,1,1,393655,2,1,2200,0,0,0,0,0.10000002384185791,0,0.09999990463256836,0.2999999523162842,29.899999618530273,6.770222187042236
532.5999755859375,22,32.07870101928711,2,2,2221068,0,0,1,1,393655,2,1,2200,0,0,0,0,0,0,0.20000004768371582,0.30000007152557373,30.5,9.004380226135254
563.2000122070312,22,32.16813278198242,2,2,2221068,0,0,1,1,393655,2,1,2200,0.10000002384185791,0,0,0,0.10000002384185791,0,0.20000004768371582,0.40000009536743164,30.200000762939453,9.004380226135254
594.2000122070312,22,32.1646842956543,2,2,2221068,0,0,1,1,393655,2,1,2291.666748046875,0,0,0,0,0.09999990463256836,0,0.30000007152557373,0.5,30.5,6.48714017868042
624.7999877929688,22,32.1646842956543,2,2,2221068,0,0,1,1,393655,2,1,2291.666748046875,0.10000002384185791,0,0,0,0,0,0.19999992847442627,0.5,30.100000381469727,6.48714017868042
655.2999877929688,22,32.1888427734375,2,2,2221068,0,0,1,1,393655,2,1,2291.666748046875,0.10000002384185791,0,0,0,0,0,0.10000002384185791,0.3999999761581421,30.100000381469727,6.3953070640563965
686.2000122070312,22,32.18193435668945,2,2,2221068,0,0,1,1,393655,2,1,2291.666748046875,0,0,0,0,0,0,0.20000004768371582,0.40000009536743164,30.5,6.3953070640563965
717.7999877929688,22,32.17848205566406,2,2,2221068,0,0,1,1,393655,2,1,2291.666748046875,0,0,0,0,0,0,0.20000004768371582,0.5,31.100000381469727,9.359461784362793
749.5,22,32.1474494934082,2,2,2221068,0,0,1,1,393655,2,1,2291.666748046875,0,0,0,0,0,0,0.10000002384185791,0.2999999523162842,31.399999618530273,9.359461784362793
782.0999755859375,22,32.10272979736328,2,2,2221068,0,0,1,1,393655,2,1,2291.666748046875,0.20000004768371582,0,0,0,0.10000002384185791,0,0.2999999523162842,0.8000000715255737,31.799999237060547,9.795126914978027
811.5999755859375,22,32.140560150146484,2,2,2221068,0,0,1,1,393655,2,1,2291.666748046875,0,0,0,0,0,0,0.20000004768371582,0.3999999761581421,29.100000381469727,9.795126914978027
843.5,22,32.144004821777344,2,2,2221068,0,0,1,1,393655,2,1,2291.666748046875,0.10000002384185791,0,0,0,0,0,0.10000002384185791,0.2999999523162842,31.600000381469727,10.105709075927734
873.9000244140625,22,32.126792907714844,2,2,2221068,0,0,1,1,393655,2,1,2291.666748046875,0,0,0,0,0,0,0.19999992847442627,0.5,29.899999618530273,10.105709075927734
905.4000244140625,22,32.13711929321289,2,2,2221068,0,0,1,1,393655,2,1,2291.666748046875,0.10000002384185791,0,0,0,0,0,0.09999990463256836,0.3999999761581421,31.100000381469727,7.604636192321777
936.7000122070312,22,32.082130432128906,2,2,2221068,0,0,1,1,393655,2,1,2291.666748046875,0.10000002384185791,0,0,0,0,0,0.10000002384185791,0.5,30.799999237060547,7.604636192321777
970.5999755859375,22,31.96590232849121,2,2,2221068,0,0,1,1,393655,2,1,2291.666748046875,0,0,0,0,0,0,0.20000004768371582,0.5,33.400001525878906,7.473135948181152
999.2000122070312,22,32.06841278076172,2,2,2221068,0,0,1,1,393655,2,1,2291.666748046875,0.10000002384185791,0,0,0,0,0,0.10000002384185791,0.30000007152557373,28.299999237060547,7.473135948181152
1031.199951171875,22,32.071842193603516,2,2,2221068,0,0,1,1,393655,2,1,2291.666748046875,0,0,0,0,0.10000002384185791,0,0.20000004768371582,0.40000009536743164,31.700000762939453,10.743956565856934
1062.9000244140625,22,32.05813217163086,2,2,2221068,0,0,1,1,393655,2,1,2291.666748046875,0.10000002384185791,0,0,0,0,0,0.09999990463256836,0.3999999761581421,31.299999237060547,10.743956565856934
1093.800048828125,22,32.09585952758789,2,2,2221068,0,0,1,1,393655,2,1,2291.666748046875,0.10000002384185791,0,0,0,0,0,0.19999992847442627,0.3999999761581421,30.5,7.57788610458374
1125,22,32.106163024902344,2,2,2221068,0,0,1,1,393655,2,1,2291.666748046875,0,0,0,0,0,0,0.19999992847442627,0.5,30.700000762939453,7.57788610458374
1154.5,22,32.185386657714844,2,2,2221068,0,0,1,1,393655,2,1,2291.666748046875,0,0,0,0,0,0,0.19999992847442627,0.3999999761581421,29,7.927134037017822
1186.4000244140625,22,32.126792907714844,2,2,2221068,0,0,1,1,393655,2,1,2291.666748046875,0,0,0,0,0,0,0.10000002384185791,0.5,31.5,7.927134037017822
1216.699951171875,22,32.13367462158203,2,2,2221068,0,0,1,1,393655,2,1,2291.666748046875,0.10000002384185791,0,0,0,0,0,0.10000002384185791,0.5,29.799999237060547,11.129037857055664
1246.699951171875,22,32.20266342163086,2,2,2221068,0,0,1,1,393655,2,1,2291.666748046875,0,0,0,0,0,0,0.20000004768371582,0.30000007152557373,29.700000762939453,11.129037857055664
1278,22,32.1888427734375,2,2,2221068,0,0,1,1,393655,2,1,2291.666748046875,0,0,0,0,0.10000002384185791,0,0.10000002384185791,0.3999999761581421,30.899999618530273,9.96462631225586
1309.5999755859375,22,32.185386657714844,2,2,2221068,0,0,1,1,393655,2,1,2291.666748046875,0.10000002384185791,0,0,0,0,0,0.10000002384185791,0.30000007152557373,31.299999237060547,9.96462631225586
1341.9000244140625,22,32.15778732299805,2,2,2221068,0,0,1,1,393655,2,1,2291.666748046875,0.10000002384185791,0,0,0,0,0,0.19999992847442627,0.2999999523162842,32,7.884385108947754
1374,22,32.11647415161133,2,2,2221068,0,0,1,1,393655,2,1,2291.666748046875,0,0,0,0,0,0,0.10000002384185791,0.2999999523162842,31.799999237060547,7.884385108947754
1405.800048828125,22,32.106163024902344,2,2,2221068,0,0,1,1,393655,2,1,2291.666748046875,0.10000002384185791,0,0,0,0,0,0.09999990463256836,0.2999999523162842,31.5,7.3498029708862305
1437.800048828125,22,32.0512809753418,2,2,2221068,0,0,1,1,393655,2,1,2291.666748046875,0,0,0,0,0,0,0.10000002384185791,0.2999999523162842,31.700000762939453,7.3498029708862305
1470.699951171875,22,31.97953224182129,2,2,2221068,0,0,1,1,393655,2,1,2291.666748046875,0,0,0,0,0,0,0.10000002384185791,0.30000007152557373,32.599998474121094,10.511791229248047
1501,22,31.9965877532959,2,2,2221068,0,0,1,1,393655,2,1,2291.666748046875,0,0,0,0,0.10000002384185791,0,0.2999999523162842,0.6000000238418579,29.700000762939453,10.511791229248047
1531.9000244140625,22,31.993175506591797,2,2,2221068,0,0,1,1,393655,2,1,2291.666748046875,0.10000002384185791,0,0,0,0,0,0.10000002384185791,0.2999999523162842,30.600000381469727,10.668540000915527
1564.199951171875,22,31.9318790435791,2,2,2221068,0,0,1,1,393655,2,1,2291.666748046875,0.10000002384185791,0,0,0,0,0,0.20000004768371582,0.30000007152557373,31.899999618530273,10.668540000915527
1594.5999755859375,22,31.92848014831543,2,2,2221068,0,0,1,1,393655,2,1,2500,0.10000002384185791,0,0,0,0,0,0.10000002384185791,0.30000007152557373,30.200000762939453,11.776785850524902
1625.300048828125,22,31.948881149291992,2,2,2221068,0,0,1,1,393655,2,1,2500,0.10000002384185791,0,0,0,0,0,0.10000002384185791,0.5,30.200000762939453,11.776785850524902
1657,22,31.94207763671875,2,2,2221068,0,0,1,1,393655,2,1,2500,0.09999990463256836,0,0,0,0.10000002384185791,0,0.20000004768371582,0.5,31.200000762939453,6.766639232635498
1688.9000244140625,22,31.945480346679688,2,2,2221068,0,0,1,1,393655,2,1,2500,0.10000002384185791,0,0,0,0,0,0.19999992847442627,0.5,31.399999618530273,6.766639232635498
1719.9000244140625,22,31.976123809814453,2,2,2221068,0,0,1,1,393655,2,1,2500,0.09999990463256836,0,0,0,0,0,0.10000002384185791,0.2999999523162842,30.700000762939453,10.647374153137207
1750.800048828125,22,31.94207763671875,2,2,2221068,0,0,1,1,393655,2,1,2500,0.10000002384185791,0,0,0,0,0,0.19999992847442627,0.3999999761581421,30.5,10.647374153137207
1782.0999755859375,22,31.969308853149414,2,2,2221068,0,0,1,1,393655,2,1,2500,0,0,0,0,0,0,0.10000002384185791,0.5,30.799999237060547,10.02279281616211
1813.699951171875,22,31.94207763671875,2,2,2221068,0,0,1,1,393655,2,1,2500,0.10000002384185791,0,0,0,0,0,0.7000000476837158,1,30.600000381469727,10.02279281616211
1844.800048828125,22,31.9318790435791,2,2,2221068,0,0,1,1,393655,2,1,2500,0.10000002384185791,0,0,0,0,0,0,0.2999999523162842,30.799999237060547,7.1037211418151855
1876.199951171875,22,31.9318790435791,2,2,2221068,0,0,1,1,393655,2,1,2500,0,0,0,0,0,0,0.20000004768371582,0.5,30.899999618530273,7.1037211418151855
1907.300048828125,22,32.02049255371094,2,2,2221068,0,0,1,1,393655,2,1,2500,0.10000002384185791,0,0,0,0,0,0.20000004768371582,0.3999999761581421,30.700000762939453,7.035888195037842
1936.5,22,32.00682830810547,2,2,2221068,0,0,1,1,393655,2,1,2500,0,0,0,0,0,0,0.20000004768371582,0.2999999523162842,28.899999618530273,7.035888195037842
1970.9000244140625,22,31.9318790435791,2,2,2221068,0,0,1,1,393655,2,1,2500,0.10000002384185791,0,0,0,0,0,0.19999992847442627,0.3999999761581421,34,10.1041259765625
1998.300048828125,22,32.06841278076172,2,2,2221068,0,0,1,1,393655,2,1,2500,0.10000002384185791,0,0,0,0,0,0.09999990463256836,0.19999992847442627,27.200000762939453,10.1041259765625
2029.0999755859375,22,32.07527160644531,2,2,2221068,0,0,1,1,393655,2,1,2500,0,0,0,0,0.09999990463256836,0,0.20000004768371582,0.3999999761581421,30.399999618530273,10.206125259399414
2061.60009765625,22,32.02732849121094,2,2,2221068,0,0,1,1,393655,2,1,2500,0,0,0,0,0,0,0.10000002384185791,0.3999999761581421,32.099998474121094,10.206125259399414
2094,22,31.92508316040039,2,2,2221068,0,0,1,1,393655,2,1,2500,0.10000002384185791,0,0,0,0,0,0.10000002384185791,0.2999999523162842,32.099998474121094,7.6127190589904785
2124.699951171875,22,31.989763259887695,2,2,2221068,0,0,1,1,393655,2,1,2500,0.10000002384185791,0,0,0,0,0,0.2999999523162842,1.100000023841858,29.600000381469727,7.6127190589904785
2154.199951171875,22,32.003414154052734,2,2,2221068,0,0,1,1,393655,2,1,2500,0.10000002384185791,0,0,0,0,0,0.10000002384185791,0.7000000476837158,28.799999237060547,7.012555122375488
2185.60009765625,22,31.9556884765625,2,2,2221068,0,0,1,1,393655,2,1,2500,0.10000002384185791,0,0,0,0,0,0.10000002384185791,0.5,30.899999618530273,7.012555122375488
2216.39990234375,22,31.97953224182129,2,2,2221068,0,0,1,1,393655,2,1,2500,0.20000004768371582,0,0,0,0.09999990463256836,0,0.10000002384185791,0.6999999284744263,30.200000762939453,10.105626106262207
2245.800048828125,22,32.04785919189453,2,2,2221068,0,0,1,1,393655,2,1,2500,0.10000002384185791,0,0,0,0,0,0.19999992847442627,0.3999999761581421,29,10.105626106262207
2276.89990234375,22,32.09929275512695,2,2,2221068,0,0,1,1,393655,2,1,2500,0,0,0,0,0,0,0.20000004768371582,0.6999999284744263,30.399999618530273,7.650802135467529
2308.699951171875,22,32.09585952758789,2,2,2221068,0,0,1,1,393655,2,1,2500,0.10000002384185791,0,0,0,0,0,0.10000002384185791,0.30000007152557373,31.5,7.650802135467529
2340.800048828125,22,32.09242630004883,2,2,2221068,0,0,1,1,393655,2,1,2500,0,0,0,0,0,0,0.10000002384185791,0.5,31.600000381469727,9.255378723144531
2372.60009765625,22,32.106163024902344,2,2,2221068,0,0,1,1,393655,2,1,2500,0,0.09999990463256836,0,0,0,0,0.10000002384185791,0.6000000238418579,31.200000762939453,9.255378723144531
2404.60009765625,22,32.13023376464844,2,2,2221068,0,0,1,1,393655,2,1,2500,0,0.10000002384185791,0,0,0,0,0.10000002384185791,0.5,31.5,9.183629035949707
2435.60009765625,22,32.09929275512695,2,2,2221068,0,0,1,1,393655,2,1,2500,0,0,0,0,0,0,0.20000004768371582,0.5,30.399999618530273,9.183629035949707
2454.800048828125,22,32.51679992675781,2,2,2221068,0,0,1,1,393655,2,1,2500,0.10000002384185791,0,0,0,0,0,0.20000004768371582,0.6999999284744263,18.5,10.96987247467041
2482.800048828125,22,32.65839385986328,2,2,2221068,0,0,1,1,393655,2,1,2500,0,0,0,0,0,0,0.20000004768371582,0.3999999761581421,27.600000381469727,10.96987247467041
2514.199951171875,22,32.63707733154297,2,2,2221068,0,0,1,1,393655,2,1,2500,0,0,0,0,0,0,0.20000004768371582,0.7000000476837158,30.700000762939453,9.809209823608398
2545.89990234375,22,32.58390426635742,2,2,2221068,0,0,1,1,393655,2,1,2500,0,0,0,0,0,0,0.2999999523162842,0.3999999761581421,31.299999237060547,9.809209823608398
2564.300048828125,22,33.068782806396484,2,2,2221068,0,0,1,1,393655,2,1,2500,0.10000002384185791,0,0,0,0,0,0.20000004768371582,0.6999999284744263,17.700000762939453,9.809209823608398
2594,22,33.141845703125,2,2,2221068,0,0,1,1,393655,2,1,2500,0,0,0,0,0,0,0.10000002384185791,0.3999999761581421,29.299999237060547,13.084197044372559
2625.89990234375,22,33.11989212036133,2,2,2221068,0,0,1,1,393655,2,1,1976.7442626953125,0,0,0,0,0,0,0.2999999523162842,0.5,31.299999237060547,13.084197044372559
2657.800048828125,22,33.10527420043945,2,2,2221068,0,0,1,1,393655,2,1,1976.7442626953125,0.10000002384185791,0,0,0,0,0,0.3999999761581421,1.0999999046325684,30.899999618530273,9.57337760925293
2687.89990234375,22,33.11989212036133,2,2,2221068,0,0,1,1,393655,2,1,1976.7442626953125,0.10000002384185791,0,0.10000002384185791,0,0,0,0.09999990463256836,0.5,29.600000381469727,9.57337760925293
2719.39990234375,22,33.10527420043945,2,2,2221068,0,0,1,1,393655,2,1,1976.7442626953125,0,0,0,0,0,0,0.19999992847442627,0.5,31,8.196550369262695
2750.39990234375,22,33.13086700439453,2,2,2221068,0,0,1,1,393655,2,1,1976.7442626953125,0,0,0,0,0,0,0.19999992847442627,0.5,30.5,8.196550369262695
2781.5,22,33.138187408447266,2,2,2221068,0,0,1,1,393655,2,1,1976.7442626953125,0,0,0,0,0,0,0.2999999523162842,0.5,30.600000381469727,6.86638879776001
2811.699951171875,22,33.17850112915039,2,2,2221068,0,0,1,1,393655,2,1,1976.7442626953125,0,0.09999990463256836,0,0,0,0,0.20000004768371582,0.6000000238418579,29.600000381469727,6.86638879776001
2841.60009765625,22,33.149169921875,2,2,2221068,0,0,1,1,393655,2,1,1976.7442626953125,0.10000002384185791,0,0,0,0,0,0.10000002384185791,0.5,29.399999618530273,6.560890197753906
2873.300048828125,22,33.24836349487305,2,2,2221068,0,0,1,1,393655,2,1,1976.7442626953125,0,0,0,0,0,0,0.20000004768371582,0.5999999046325684,31.100000381469727,6.560890197753906
2904.89990234375,22,33.09431838989258,2,2,2221068,0,0,1,1,393655,2,1,1976.7442626953125,0,0,0,0,0,0,0.19999992847442627,0.2999999523162842,31.299999237060547,7.372469902038574
2936,22,33.083370208740234,2,2,2221068,0,0,1,1,393655,2,1,1976.7442626953125,0,0,0,0,0,0,0.20000004768371582,0.3999999761581421,30.700000762939453,7.372469902038574
2969.39990234375,22,33.061492919921875,2,2,2221068,0,0,1,1,393655,2,1,1976.7442626953125,0,0,0.10000002384185791,0,0,0,0.30000007152557373,0.7999999523162842,32.599998474121094,10.764789581298828
2998.199951171875,22,33.18584060668945,2,2,2221068,0,0,1,1,393655,2,1,1976.7442626953125,0,0,0,0,0,0,0.20000004768371582,0.6000000238418579,28.200000762939453,10.764789581298828
3029.300048828125,22,33.152835845947266,2,2,2221068,0,0,1,1,393655,2,1,1976.7442626953125,0,0,0,0,0.10000002384185791,0,0.10000002384185791,0.6000000238418579,30.399999618530273,10.339374542236328
3060.60009765625,22,33.09431838989258,2,2,2221068,0,0,1,1,393655,2,1,1976.7442626953125,0.09999990463256836,0,0,0,0,0,0.20000004768371582,0.6000000238418579,30.799999237060547,10.339374542236328
3090.699951171875,22,33.1455078125,2,2,2221068,0,0,1,1,393655,2,1,1976.7442626953125,0,0,0,0,0,0,0.20000004768371582,0.40000009536743164,29.700000762939453,5.564894199371338
3121.800048828125,22,33.12355041503906,2,2,2221068,0,0,1,1,393655,2,1,1976.7442626953125,0,0,0,0,0,0,0.09999990463256836,0.3999999761581421,30.700000762939453,5.564894199371338
3154.60009765625,22,33.01782989501953,2,2,2221068,0,0,1,1,393655,2,1,1976.7442626953125,0,0,0,0,0,0,0.10000002384185791,0.5,32.29999923706055,9.00471305847168
3185.5,22,33.010562896728516,2,2,2221068,0,0,1,1,393655,2,1,1976.7442626953125,0,0,0.09999990463256836,0,0,0,0.10000002384185791,0.5,30.399999618530273,9.00471305847168
3217.199951171875,22,33.02510070800781,2,2,2221068,0,0,1,1,393655,2,1,1976.7442626953125,0,0,0,0,0,0,0.10000002384185791,0.40000009536743164,31.299999237060547,6.588890075683594
3249.199951171875,22,33.01419448852539,2,2,2221068,0,0,1,1,393655,2,1,1976.7442626953125,0,0,0,0,0,0,0,0.30000007152557373,31.700000762939453,6.588890075683594
3281.39990234375,22,33.00693130493164,2,2,2221068,0,0,1,1,393655,2,1,1976.7442626953125,0,0,0,0,0,0,0.09999990463256836,0.3999999761581421,31.700000762939453,5.821976184844971
3312.199951171875,22,33.050567626953125,2,2,2221068,0,0,1,1,393655,2,1,1976.7442626953125,0,0,0,0,0,0,0.20000004768371582,0.5,30.299999237060547,5.821976184844971
3344.39990234375,22,33.02146530151367,2,2,2221068,0,0,1,1,393655,2,1,1976.7442626953125,0.10000002384185791,0,0,0,0,0,0.30000007152557373,0.7999999523162842,31.399999618530273,7.699801921844482
3376.699951171875,22,32.53443145751953,2,2,2221068,0,0,1,1,393655,2,1,1976.7442626953125,0,0,0,0,0,0,0.20000004768371582,0.6000000238418579,31.700000762939453,7.699801921844482
3408.699951171875,22,32.41841506958008,2,2,2221068,0,0,1,1,393655,2,1,1976.7442626953125,0.09999990463256836,0,0,0,0,0,0.30000007152557373,0.8000000715255737,31.200000762939453,7.399720191955566
3438.699951171875,22,32.43944549560547,2,2,2221068,0,0,1,1,393655,2,1,1976.7442626953125,0,0,0,0,0,0,0.20000004768371582,0.40000009536743164,29.600000381469727,7.399720191955566
3471.60009765625,22,32.41490936279297,2,2,2221068,0,0,1,1,393655,2,1,1976.7442626953125,0.09999990463256836,0,0,0,0,0,0.10000002384185791,0.7000000476837158,32.20000076293945,9.379295349121094
3541.10009765625,22,30.70624351501465,2,2,2221068,0,0,1,1,393655,2,1,1976.7442626953125,0,0,0,0,0,0,0.10000002384185791,0.3999999761581421,69,9.379295349121094
3541.800048828125,22,31.64556884765625,2,2,2221068,0,0,1,1,393655,2,1,1976.7442626953125,0,0,0,0,0,0,0.09999990463256836,0.2999999523162842,0.5,6.0298919677734375
3562.800048828125,22,32.0136604309082,2,2,2221068,0,0,1,1,393655,2,1,1976.7442626953125,0.10000002384185791,0,0,0,0,0,0.19999992847442627,0.3999999761581421,20.600000381469727,6.0298919677734375
3581.10009765625,22,32.471046447753906,2,2,2221068,0,0,1,1,393655,2,1,1976.7442626953125,0,0,0,0,0,0,0.10000002384185791,0.5,17.799999237060547,6.0298919677734375
3598.300048828125,22,32.94892883300781,2,2,2221068,0,0,1,1,393655,2,1,1976.7442626953125,0.10000002384185791,0,0,0,0,0,0.10000002384185791,0.2999999523162842,16.899999618530273,9.170378684997559
3616.60009765625,22,33.43363571166992,2,2,2221068,0,0,1,1,393655,2,1,1976.7442626953125,0,0,0,0,0,0,0.20000004768371582,0.3999999761581421,17.899999618530273,9.170378684997559
3633.89990234375,22,33.95585632324219,2,2,2221068,0,0,1,1,393655,2,1,1942.857177734375,0.10000002384185791,0,0,0,0,0,0.10000002384185791,0.5,16.799999237060547,9.170378684997559
3651.10009765625,22,34.498619079589844,2,2,2221068,0,0,1,1,393655,2,1,1942.857177734375,0,0,0.10000002384185791,0,0,0,0.10000002384185791,0.3999999761581421,16.799999237060547,6.052309036254883
3669.39990234375,22,34.97318649291992,2,2,2221068,0,0,1,1,393655,2,1,1942.857177734375,0,0,0.10000002384185791,0,0,0,0.19999992847442627,0.6000000238418579,17.700000762939453,6.052309036254883
3687.300048828125,22,35.46937942504883,2,2,2221068,0,0,1,1,393655,2,1,1942.857177734375,0.10000002384185791,0,0,0,0,0,0.10000002384185791,0.3999999761581421,17.5,6.052309036254883
3719,22,35.46518325805664,2,2,2221068,0,0,1,1,393655,2,1,1942.857177734375,0,0,0,0,0,0,0.10000002384185791,0.3999999761581421,31.299999237060547,6.095974922180176
3749.699951171875,22,35.519771575927734,2,2,2221068,0,0,1,1,393655,2,1,1942.857177734375,0,0,0,0,0.09999990463256836,0,0.20000004768371582,0.5,30.200000762939453,6.095974922180176
3780.800048828125,22,35.5113639831543,2,2,2221068,0,0,1,1,393655,2,1,1942.857177734375,0,0,0.10000002384185791,0,0,0,0.10000002384185791,0.3999999761581421,30.700000762939453,5.6245598793029785
3812.89990234375,22,35.55344772338867,2,2,2221068,0,0,1,1,393655,2,1,1942.857177734375,0.10000002384185791,0.09999990463256836,0,0,0.10000002384185791,0,0,0.5,31.600000381469727,5.6245598793029785
3843.699951171875,22,35.46937942504883,2,2,2221068,0,0,1,1,393655,2,1,1942.857177734375,0,0.10000002384185791,0,0,0,0,0.10000002384185791,0.30000007152557373,30.5,5.771225929260254
3876,22,35.419124603271484,2,2,2221068,0,0,1,1,393655,2,1,1942.857177734375,0.09999990463256836,0,0,0,0,0,0.20000004768371582,0.3999999761581421,31.899999618530273,5.771225929260254
3905.89990234375,22,35.481964111328125,2,2,2221068,0,0,1,1,393655,2,1,1942.857177734375,0.10000002384185791,0,0,0,0,0,0.19999992847442627,0.2999999523162842,29.600000381469727,9.288711547851562
3937.199951171875,22,35.44004821777344,2,2,2221068,0,0,1,1,393655,2,1,1942.857177734375,0.10000002384185791,0,0,0,0,0,0.10000002384185791,0.5,30.799999237060547,9.288711547851562
3970.199951171875,22,35.377357482910156,2,2,2221068,0,0,1,1,393655,2,1,1942.857177734375,0.09999990463256836,0,0,0,0,0,0.30000007152557373,0.7000000476837158,32.29999923706055,9.796876907348633
4000.10009765625,22,35.47776794433594,2,2,2221068,0,0,1,1,393655,2,1,1942.857177734375,0.09999990463256836,0,0,0,0,0,0.20000004768371582,0.5,29.399999618530273,9.796876907348633
4031.39990234375,22,35.460994720458984,2,2,2221068,0,0,1,1,393655,2,1,1942.857177734375,0,0,0,0,0,0,0.09999990463256836,0.3999999761581421,30.899999618530273,6.142891883850098
4063.199951171875,22,35.460994720458984,2,2,2221068,0,0,1,1,393655,2,1,1942.857177734375,0,0.10000002384185791,0,0,0,0,0,0.5,31.299999237060547,6.142891883850098
4094.300048828125,22,35.5113639831543,2,2,2221068,0,0,1,1,393655,2,1,1942.857177734375,0,0,0,0,0,0,0.20000004768371582,0.5,30.600000381469727,6.19397497177124
4124,22,35.599857330322266,2,2,2221068,0,0,1,1,393655,2,1,1942.857177734375,0.09999990463256836,0,0,0,0.10000002384185791,0,0.20000004768371582,0.5,29.200000762939453,6.19397497177124
4154.7001953125,22,35.60408401489258,2,2,2221068,0,0,1,1,393655,2,1,1942.857177734375,0,0,0,0,0,0,0.20000004768371582,0.30000007152557373,30.399999618530273,5.9321417808532715
4185.10009765625,22,35.65909957885742,2,2,2221068,0,0,1,1,393655,2,1,1942.857177734375,0,0,0,0,0,0,0.20000004768371582,0.30000007152557373,30.100000381469727,5.9321417808532715
4216.5,22,35.718536376953125,2,2,2221068,0,0,1,1,393655,2,1,1942.857177734375,0,0,0,0,0,0,0.09999990463256836,0.5,30.899999618530273,9.29512882232666
4247.60009765625,22,35.73981475830078,2,2,2221068,0,0,1,1,393655,2,1,1942.857177734375,0,0,0,0,0,0,0.10000002384185791,0.3999999761581421,30.700000762939453,9.29512882232666
4278.5,22,35.7227897644043,2,2,2221068,0,0,1,1,393655,2,1,1942.857177734375,0,0,0.09999990463256836,0,0,0,0.10000002384185791,0.3999999761581421,30.5,6.914888858795166
4310.7998046875,22,35.73981475830078,2,2,2221068,0,0,1,1,393655,2,1,1942.857177734375,0,0,0,0,0,0,0.20000004768371582,0.3999999761581421,31.899999618530273,6.914888858795166
4342.7998046875,22,37.42048263549805,2,2,2221068,0,0,1,1,393655,2,1,1942.857177734375,0,0,0,0,0,0,0.10000002384185791,0.3999999761581421,31.600000381469727,8.082467079162598
4374.7998046875,22,36.031707763671875,2,2,2221068,0,0,1,1,393655,2,1,1942.857177734375,0.10000002384185791,0,0,0,0,0,0.20000004768371582,0.5999999046325684,31.399999618530273,8.082467079162598
4406.60009765625,22,35.55766296386719,2,2,2221068,0,0,1,1,393655,2,1,1942.857177734375,0.09999990463256836,0,0,0,0,0,0.20000004768371582,0.3999999761581421,31.399999618530273,7.630636215209961
4438.2001953125,22,34.99358367919922,2,2,2221068,0,0,1,1,393655,2,1,1942.857177734375,0,0,0,0,0,0,0.10000002384185791,0.30000007152557373,31.299999237060547,7.630636215209961
4470.7998046875,22,34.38395309448242,2,2,2221068,0,0,1,1,393655,2,1,1942.857177734375,0.10000002384185791,0,0,0,0,0,0.10000002384185791,0.3999999761581421,32.20000076293945,10.557374000549316
4501.60009765625,22,33.8983039855957,2,2,2221068,0,0,1,1,393655,2,1,1942.857177734375,0.09999990463256836,0,0,0,0,0,0.10000002384185791,0.3999999761581421,30.399999618530273,10.557374000549316
4533.89990234375,22,33.33333206176758,2,2,2221068,0,0,1,1,393655,2,1,1942.857177734375,0.10000002384185791,0,0,0,0,0,0.10000002384185791,0.5,31.799999237060547,10.660707473754883
4564.2001953125,22,32.85151290893555,2,2,2221068,0,0,1,1,393655,2,1,1942.857177734375,0,0,0,0,0,0,0.10000002384185791,0.40000009536743164,29.899999618530273,10.660707473754883
4595.10009765625,22,32.40090560913086,2,2,2221068,0,0,1,1,393655,2,1,1942.857177734375,0,0,0,0,0,0,0.20000004768371582,0.3999999761581421,30.5,7.938633918762207
4627.60009765625,22,31.918289184570312,2,2,2221068,0,0,1,1,393655,2,1,1942.857177734375,0,0,0,0,0.10000002384185791,0,0.10000002384185791,0.7000000476837158,31.799999237060547,7.938633918762207
4658.89990234375,22,31.92168617248535,2,2,2221068,0,0,1,1,393655,2,1,2222.22216796875,0,0,0.10000002384185791,0,0,0,0.19999992847442627,0.6000000238418579,30.700000762939453,7.655219078063965
4690.2001953125,22,31.894535064697266,2,2,2221068,0,0,1,1,393655,2,1,2222.22216796875,0,0.10000002384185791,0,0,0,0,0.10000002384185791,0.40000009536743164,30.899999618530273,7.655219078063965
4719.7998046875,22,31.948881149291992,2,2,2221068,0,0,1,1,393655,2,1,2222.22216796875,0,0,0,0,0,0,0.20000004768371582,0.3999999761581421,29.200000762939453,11.658119201660156
4750.2998046875,22,32.00682830810547,2,2,2221068,0,0,1,1,393655,2,1,2222.22216796875,0.10000002384185791,0,0,0,0,0,0.20000004768371582,0.5999999046325684,29.899999618530273,11.658119201660156
4781.7998046875,22,31.989763259887695,2,2,2221068,0,0,1,1,393655,2,1,2222.22216796875,0,0.10000002384185791,0,0,0,0,0.10000002384185791,0.5999999046325684,30.899999618530273,11.257787704467773
4813.60009765625,22,32,2,2,2221068,0,0,1,1,393655,2,1,2222.22216796875,0,0,0,0,0,0,0.19999992847442627,0.6000000238418579,31.200000762939453,11.257787704467773
4845.5,22,31.935277938842773,2,2,2221068,0,0,1,1,393655,2,1,2222.22216796875,0,0,0,0,0,0,0.19999992847442627,0.5,31.399999618530273,7.822467803955078
4878,22,31.887754440307617,2,2,2221068,0,0,1,1,393655,2,1,2222.22216796875,0.10000002384185791,0.09999990463256836,0,0,0.10000002384185791,0,0.10000002384185791,0.3999999761581421,32.099998474121094,7.822467803955078
4908.2998046875,22,31.969308853149414,2,2,2221068,0,0,1,1,393655,2,1,2222.22216796875,0.10000002384185791,0,0,0,0,0,0.10000002384185791,0.5,29.799999237060547,8.208382606506348
4939.89990234375,22,31.918289184570312,2,2,2221068,0,0,1,1,393655,2,1,2222.22216796875,0,0,0,0,0.10000002384185791,0,0.09999990463256836,0.3999999761581421,31.200000762939453,8.208382606506348
4971.89990234375,22,31.897926330566406,2,2,2221068,0,0,1,1,393655,2,1,2222.22216796875,0,0,0,0,0,0,0.19999992847442627,0.5,31.5,10.120792388916016
5001.2001953125,22,31.982942581176758,2,2,2221068,0,0,1,1,393655,2,1,2222.22216796875,0,0,0,0,0,0,0.20000004768371582,0.5,28.799999237060547,10.120792388916016
5031.39990234375,22,32.0102424621582,2,2,2221068,0,0,1,1,393655,2,1,2222.22216796875,0,0,0,0,0,0,0.2999999523162842,0.3999999761581421,29.799999237060547,9.848043441772461
5062.2001953125,22,31.97953224182129,2,2,2221068,0,0,1,1,393655,2,1,2222.22216796875,0,0,0,0,0,0,0.20000004768371582,0.5,30.299999237060547,9.848043441772461
5093,22,31.976123809814453,2,2,2221068,0,0,1,1,393655,2,1,2222.22216796875,0,0,0,0,0,0,0.10000002384185791,0.2999999523162842,30.5,7.021637916564941
5124.5,22,31.938676834106445,2,2,2221068,0,0,1,1,393655,2,1,2222.22216796875,0,0,0,0,0,0,0.10000002384185791,0.3999999761581421,31.100000381469727,7.021637916564941
5157,22,31.897926330566406,2,2,2221068,0,0,1,1,393655,2,1,2222.22216796875,0,0,0,0,0,0,0.10000002384185791,0.3999999761581421,32.099998474121094,6.9898881912231445
5187.7998046875,22,31.908103942871094,2,2,2221068,0,0,1,1,393655,2,1,2222.22216796875,0,0,0,0,0,0,0.19999992847442627,0.2999999523162842,30.5,6.9898881912231445
5218.7001953125,22,31.908103942871094,2,2,2221068,0,0,1,1,393655,2,1,2222.22216796875,0,0,0,0,0,0,0.20000004768371582,0.40000009536743164,30.5,10.206958770751953
5250.89990234375,22,31.9114990234375,2,2,2221068,0,0,1,1,393655,2,1,2222.22216796875,0,0,0,0,0.10000002384185791,0,0.19999992847442627,0.3999999761581421,31.799999237060547,10.206958770751953
5282.89990234375,22,31.9114990234375,2,2,2221068,0,0,1,1,393655,2,1,2222.22216796875,0,0,0,0,0,0,0.19999992847442627,0.3999999761581421,31.600000381469727,8.18863296508789
5315.2001953125,22,31.894535064697266,2,2,2221068,0,0,1,1,393655,2,1,2222.22216796875,0.10000002384185791,0,0,0,0,0,0.10000002384185791,0.5,31.799999237060547,8.18863296508789
5346.10009765625,22,31.9318790435791,2,2,2221068,0,0,1,1,393655,2,1,2222.22216796875,0.19999992847442627,0,0,0,0,0,0.10000002384185791,0.5,30.399999618530273,8.363466262817383
5378.60009765625,22,31.90471076965332,2,2,2221068,0,0,1,1,393655,2,1,2222.22216796875,0,0,0,0,0,0,0.20000004768371582,0.5,32,8.363466262817383
5410.60009765625,22,31.92508316040039,2,2,2221068,0,0,1,1,393655,2,1,2222.22216796875,0,0,0,0,0,0,0.20000004768371582,0.3999999761581421,31.600000381469727,7.278969764709473
5444.7998046875,22,31.80324363708496,2,2,2221068,0,0,1,1,393655,2,1,2222.22216796875,0,0,0,0,0,0,0.19999992847442627,0.2999999523162842,33.900001525878906,7.278969764709473
5473.7001953125,22,31.92508316040039,2,2,2221068,0,0,1,1,393655,2,1,2222.22216796875,0,0,0,0,0,0,0.20000004768371582,0.40000009536743164,28.5,10.451208114624023
5503.89990234375,22,31.92508316040039,2,2,2221068,0,0,1,1,393655,2,1,2222.22216796875,0.10000002384185791,0.09999990463256836,0,0,0,0,0,0.3999999761581421,29.799999237060547,10.451208114624023
5535.89990234375,22,31.887754440307617,2,2,2221068,0,0,1,1,393655,2,1,2222.22216796875,0,0,0,0,0,0,0.19999992847442627,0.2999999523162842,31.700000762939453,9.980792999267578
5566.7998046875,22,31.92848014831543,2,2,2221068,0,0,1,1,393655,2,1,2222.22216796875,0,0,0,0,0.10000002384185791,0,0.10000002384185791,0.3999999761581421,30.600000381469727,9.980792999267578
5598.5,22,31.92168617248535,2,2,2221068,0,0,1,1,393655,2,1,2222.22216796875,0,0,0,0,0,0,0.20000004768371582,0.3999999761581421,31.299999237060547,7.236386775970459
5629.7998046875,22,31.92508316040039,2,2,2221068,0,0,1,1,393655,2,1,2222.22216796875,0.10000002384185791,0,0,0,0.10000002384185791,0,0.09999990463256836,0.3999999761581421,30.899999618530273,7.236386775970459
5661.2001953125,22,31.870817184448242,2,2,2221068,0,0,1,1,393655,2,1,2269.503662109375,0,0.10000002384185791,0,0,0,0,0.10000002384185791,0.5,30.899999618530273,6.724472999572754
5692.10009765625,22,31.850515365600586,2,2,2221068,0,0,1,1,393655,2,1,2269.503662109375,0,0,0,0,0,0,0.20000004768371582,0.5,30.399999618530273,6.724472999572754
5756.39990234375,22,30.775543212890625,2,2,2221068,0,0,1,1,393655,2,1,2269.503662109375,0,0,0,0,0,0,0.10000002384185791,0.2999999523162842,64,7.4933857917785645
5757.2001953125,22,31.78302764892578,2,2,2221068,0,0,1,1,393655,2,1,2269.503662109375,0.10000002384185791,0,0,0,0,0,0.10000002384185791,0.30000007152557373,0.5,7.4933857917785645
5786.7998046875,22,31.867431640625,2,2,2221068,0,0,1,1,393655,2,1,2269.503662109375,0,0,0.10000002384185791,0,0.10000002384185791,0,0.10000002384185791,0.3999999761581421,29.200000762939453,7.4933857917785645
5817.60009765625,22,31.92848014831543,2,2,2221068,0,0,1,1,393655,2,1,2269.503662109375,0,0,0,0,0,0,0.20000004768371582,0.5,30.299999237060547,7.179221153259277
5847.89990234375,22,31.9318790435791,2,2,2221068,0,0,1,1,393655,2,1,2269.503662109375,0.10000002384185791,0,0,0,0,0,0.19999992847442627,0.5,29.799999237060547,7.179221153259277
5879.7998046875,22,31.92508316040039,2,2,2221068,0,0,1,1,393655,2,1,2269.503662109375,0,0,0,0,0.09999990463256836,0,0.20000004768371582,0.5999999046325684,31.399999618530273,7.309720039367676
5912.39990234375,22,31.90131950378418,2,2,2221068,0,0,1,1,393655,2,1,2269.503662109375,0.10000002384185791,0,0,0,0.10000002384185791,0,0.19999992847442627,0.6000000238418579,32,7.309720039367676
5946,22,31.756113052368164,2,2,2221068,0,0,1,1,393655,2,1,2269.503662109375,0,0,0,0,0,0,0.09999990463256836,0.5,33.099998474121094,7.439803123474121
5974.7001953125,22,31.80324363708496,2,2,2221068,0,0,1,1,393655,2,1,2269.503662109375,0,0,0,0,0,0,0.20000004768371582,0.40000009536743164,28.299999237060547,7.439803123474121
6055.7998046875,22,30.18108558654785,2,2,2221068,0,0,1,1,393655,2,1,2269.503662109375,0,0,0,0,0,0,0.09999990463256836,0.19999992847442627,80.9000015258789,10.700122833251953
6069.60009765625,22,30.715675354003906,2,2,2221068,0,0,1,1,393655,2,1,2269.503662109375,0,0,0,0,0,0,0.20000004768371582,0.3999999761581421,13.399999618530273,10.700122833251953
6101.39990234375,22,30.7125301361084,2,2,2221068,0,0,1,1,393655,2,1,2269.503662109375,0,0,0,0,0,0,0.09999990463256836,0.3999999761581421,31.399999618530273,6.713472843170166
6133.39990234375,22,30.725112915039062,2,2,2221068,0,0,1,1,393655,2,1,2269.503662109375,0,0,0,0,0,0,0.19999992847442627,0.3999999761581421,31.600000381469727,6.713472843170166
6164,22,30.73770523071289,2,2,2221068,0,0,1,1,393655,2,1,2269.503662109375,0,0,0,0,0.10000002384185791,0,0.19999992847442627,0.5,30.100000381469727,7.2297210693359375
6196,22,30.69995880126953,2,2,2221068,0,0,1,1,393655,2,1,2269.503662109375,0.19999992847442627,0,0,0,0,0,0.10000002384185791,0.3999999761581421,31.600000381469727,7.2297210693359375
6225.89990234375,22,30.769229888916016,2,2,2221068,0,0,1,1,393655,2,1,2269.503662109375,0.10000002384185791,0,0,0,0,0,0.09999990463256836,0.5,29.399999618530273,6.608139991760254
6257.2001953125,22,30.788177490234375,2,2,2221068,0,0,1,1,393655,2,1,2269.503662109375,0,0,0.10000002384185791,0,0.10000002384185791,0,0.10000002384185791,0.40000009536743164,30.899999618530273,6.608139991760254
6287.7998046875,22,30.845157623291016,2,2,2221068,0,0,1,1,393655,2,1,2269.503662109375,0,0,0,0,0,0,0.20000004768371582,0.5,30.100000381469727,9.28829574584961
6319.10009765625,22,30.832477569580078,2,2,2221068,0,0,1,1,393655,2,1,2269.503662109375,0,0,0,0,0,0,0.10000002384185791,0.5,30.799999237060547,9.28829574584961
6350.7001953125,22,30.86102294921875,2,2,2221068,0,0,1,1,393655,2,1,2269.503662109375,0,0,0,0,0,0,0.30000007152557373,0.40000009536743164,31.200000762939453,7.245053768157959
6382.7001953125,22,30.86102294921875,2,2,2221068,0,0,1,1,393655,2,1,2269.503662109375,0.10000002384185791,0,0,0,0,0,0,0.40000009536743164,31.600000381469727,7.245053768157959
6414.10009765625,22,30.956558227539062,2,2,2221068,0,0,1,1,393655,2,1,2269.503662109375,0,0,0,0,0,0,0.20000004768371582,0.6000000238418579,30.799999237060547,6.792722225189209
6447.10009765625,22,30.816640853881836,2,2,2221068,0,0,1,1,393655,2,1,2269.503662109375,0.09999990463256836,0,0,0,0,0,0.20000004768371582,0.5,32.5,6.792722225189209
6478.39990234375,22,30.785017013549805,2,2,2221068,0,0,1,1,393655,2,1,2269.503662109375,0,0,0.10000002384185791,0,0,0,0,0.3999999761581421,30.899999618530273,6.118058204650879
6508.7998046875,22,30.83564567565918,2,2,2221068,0,0,1,1,393655,2,1,2269.503662109375,0,0,0,0,0,0,0.10000002384185791,0.3999999761581421,30,6.118058204650879
6540.2001953125,22,30.826141357421875,2,2,2221068,0,0,1,1,393655,2,1,2269.503662109375,0.10000002384185791,0,0,0,0,0,0.10000002384185791,0.5,30.899999618530273,10.618124008178711
6571.2998046875,22,30.84198570251465,2,2,2221068,0,0,1,1,393655,2,1,2269.503662109375,0,0,0,0,0,0,0,0.3999999761581421,30.700000762939453,10.618124008178711
6603.39990234375,22,30.8134765625,2,2,2221068,0,0,1,1,393655,2,1,2269.503662109375,0,0,0,0,0,0,0.09999990463256836,0.2999999523162842,31.799999237060547,6.740139007568359
6634.2998046875,22,30.822973251342773,2,2,2221068,0,0,1,1,393655,2,1,2269.503662109375,0.10000002384185791,0,0,0,0,0,0.19999992847442627,0.3999999761581421,30.5,6.740139007568359
6665.89990234375,22,30.81031036376953,2,2,2221068,0,0,1,1,393655,2,1,2262.773681640625,0,0,0,0,0,0,0.09999990463256836,0.5,31.100000381469727,6.906138896942139
6726.60009765625,22,30.918272018432617,2,2,2221068,0,0,1,1,393655,2,1,2262.773681640625,0.10000002384185791,0,0,0,0,0,0,0.20000004768371582,60.400001525878906,6.906138896942139
6727.7001953125,22,30.918272018432617,2,2,2221068,0,0,1,1,393655,2,1,2262.773681640625,0.10000002384185791,0,0,0,0.09999990463256836,0,0.10000002384185791,0.5,0.7000000476837158,6.866471767425537
6758.60009765625,22,30.867372512817383,2,2,2221068,0,0,1,1,393655,2,1,2262.773681640625,0,0,0,0,0,0,0.20000004768371582,0.3999999761581421,30.5,6.866471767425537
6789.2998046875,22,30.87055015563965,2,2,2221068,0,0,1,1,393655,2,1,2262.773681640625,0.10000002384185791,0,0,0,0,0,0.09999990463256836,0.2999999523162842,30.399999618530273,9.204545974731445
6821.39990234375,22,30.816640853881836,2,2,2221068,0,0,1,1,393655,2,1,2262.773681640625,0,0.10000002384185791,0,0,0,0,0.09999990463256836,0.5,31.600000381469727,9.204545974731445
6852.7998046875,22,30.826141357421875,2,2,2221068,0,0,1,1,393655,2,1,2262.773681640625,0,0,0.10000002384185791,0,0,0,0.10000002384185791,0.3999999761581421,31,7.063638210296631
6885.2001953125,22,30.83564567565918,2,2,2221068,0,0,1,1,393655,2,1,2262.773681640625,0.10000002384185791,0,0,0,0.09999990463256836,0,0.10000002384185791,0.5,32,7.063638210296631
6917.60009765625,22,30.88326072692871,2,2,2221068,0,0,1,1,393655,2,1,2262.773681640625,0,0.10000002384185791,0,0,0,0,0.19999992847442627,0.7000000476837158,31.700000762939453,6.870804786682129
6949.7001953125,22,30.766075134277344,2,2,2221068,0,0,1,1,393655,2,1,2262.773681640625,0,0,0,0,0,0,0.20000004768371582,0.40000009536743164,31.700000762939453,6.870804786682129
6978.89990234375,22,32.506229400634766,2,2,2221068,0,0,1,1,393655,2,1,2262.773681640625,0.10000002384185791,0,0,0,0,0,0.09999990463256836,0.3999999761581421,28.799999237060547,7.789134979248047
7010.2001953125,22,31.90131950378418,2,2,2221068,0,0,1,1,393655,2,1,2262.773681640625,0,0,0,0,0,0,0.20000004768371582,0.3999999761581421,30.799999237060547,7.789134979248047
7042.2001953125,22,31.88436508178711,2,2,2221068,0,0,1,1,393655,2,1,2262.773681640625,0,0,0,0,0.10000002384185791,0,0.10000002384185791,0.30000007152557373,31.799999237060547,9.550127983093262
7072.2001953125,22,31.95228385925293,2,2,2221068,0,0,1,1,393655,2,1,2262.773681640625,0,0.10000002384185791,0,0,0,0,0.10000002384185791,0.40000009536743164,29.600000381469727,9.550127983093262
7103.10009765625,22,31.94207763671875,2,2,2221068,0,0,1,1,393655,2,1,2262.773681640625,0.10000002384185791,0,0,0,0,0,0.10000002384185791,0.3999999761581421,30.5,9.966876029968262
7134.2001953125,22,31.976123809814453,2,2,2221068,0,0,1,1,393655,2,1,2262.773681640625,0,0,0.10000002384185791,0,0.09999990463256836,0,0.10000002384185791,0.5,30.600000381469727,9.966876029968262
7209,22,30.512611389160156,2,2,2221068,0,0,1,1,393655,2,1,2262.773681640625,0,0,0,0,0,0,0.20000004768371582,0.2999999523162842,74.5,6.337724208831787
7209.7998046875,22,31.492755889892578,2,2,2221068,0,0,1,1,393655,2,1,2262.773681640625,0,0,0,0,0,0,0.10000002384185791,0.3999999761581421,0.3999999761581421,6.337724208831787
7230.89990234375,22,31.816736221313477,2,2,2221068,0,0,1,1,393655,2,1,2262.773681640625,0.10000002384185791,0,0,0,0,0,0.10000002384185791,0.6999999284744263,20.399999618530273,6.337724208831787
7261.2001953125,22,31.840373992919922,2,2,2221068,0,0,1,1,393655,2,1,2262.773681640625,0,0,0,0,0,0,0.10000002384185791,0.40000009536743164,29.899999618530273,6.558889865875244
7293.5,22,31.84713363647461,2,2,2221068,0,0,1,1,393655,2,1,2262.773681640625,0.10000002384185791,0,0,0,0,0,0.19999992847442627,1.2999999523162842,31,6.558889865875244
7324.10009765625,22,31.870817184448242,2,2,2221068,0,0,1,1,393655,2,1,2262.773681640625,0,0,0,0,0,0,0.09999990463256836,0.6000000238418579,30,9.471378326416016
7355.60009765625,22,31.86066246032715,2,2,2221068,0,0,1,1,393655,2,1,2262.773681640625,0,0,0,0,0,0,0.2999999523162842,0.5,31,9.471378326416016
7386.7001953125,22,31.92848014831543,2,2,2221068,0,0,1,1,393655,2,1,2262.773681640625,0,0,0,0,0,0,0.10000002384185791,0.5,30.600000381469727,6.5793070793151855
7453.7001953125,22,30.75661277770996,2,2,2221068,0,0,1,1,393655,2,1,2262.773681640625,0.10000002384185791,0,0,0,0,0,0.10000002384185791,0.30000007152557373,66.69999694824219,6.5793070793151855
7454.39990234375,22,31.7225341796875,2,2,2221068,0,0,1,1,393655,2,1,2262.773681640625,0,0,0,0,0,0,0.09999990463256836,0.19999992847442627,0.5,6.282308101654053
7482.5,22,31.826862335205078,2,2,2221068,0,0,1,1,393655,2,1,2262.773681640625,0.09999990463256836,0,0,0,0,0,0.10000002384185791,0.2999999523162842,27.799999237060547,6.282308101654053
7513.2001953125,22,31.850515365600586,2,2,2221068,0,0,1,1,393655,2,1,2262.773681640625,0,0,0,0,0.09999990463256836,0,0.10000002384185791,0.5,30.200000762939453,6.161141872406006
7544.10009765625,22,31.894535064697266,2,2,2221068,0,0,1,1,393655,2,1,2262.773681640625,0,0,0,0,0,0,0.20000004768371582,0.5,30.399999618530273,6.161141872406006
7575.2001953125,22,31.894535064697266,2,2,2221068,0,0,1,1,393655,2,1,2262.773681640625,0.10000002384185791,0.10000002384185791,0,0,0,0,0.10000002384185791,0.5,30.600000381469727,6.805722236633301
7606.60009765625,22,31.887754440307617,2,2,2221068,0,0,1,1,393655,2,1,2262.773681640625,0,0,0.10000002384185791,0,0,0,0.10000002384185791,0.3999999761581421,31,6.805722236633301
7638.7001953125,22,32.898345947265625,2,2,2221068,0,0,1,1,393655,2,1,2262.773681640625,0.10000002384185791,0,0,0,0,0,0.10000002384185791,0.5,31.600000381469727,6.3027238845825195
7669.89990234375,22,31.833616256713867,2,2,2221068,0,0,1,1,393655,2,1,2176.870849609375,0.09999990463256836,0,0,0,0,0,0.10000002384185791,0.2999999523162842,30.899999618530273,6.3027238845825195
7700.7998046875,22,31.84713363647461,2,2,2221068,0,0,1,1,393655,2,1,2176.870849609375,0.10000002384185791,0,0,0,0,0,0.10000002384185791,0.5,30.399999618530273,6.81213903427124
7732.39990234375,22,31.81336212158203,2,2,2221068,0,0,1,1,393655,2,1,2176.870849609375,0,0,0,0,0,0,0.10000002384185791,0.3999999761581421,31.100000381469727,6.81213903427124
7763.5,22,31.843753814697266,2,2,2221068,0,0,1,1,393655,2,1,2176.870849609375,0.19999992847442627,0,0,0,0,0,0.10000002384185791,0.3999999761581421,30.799999237060547,5.8421430587768555
7794.7001953125,22,31.850515365600586,2,2,2221068,0,0,1,1,393655,2,1,2176.870849609375,0,0,0,0,0,0,0.20000004768371582,0.40000009536743164,30.799999237060547,5.8421430587768555
7826.39990234375,22,31.880977630615234,2,2,2221068,0,0,1,1,393655,2,1,2176.870849609375,0.10000002384185791,0,0,0,0,0,0.10000002384185791,0.6000000238418579,31.100000381469727,8.57363224029541
7857.7001953125,22,31.90131950378418,2,2,2221068,0,0,1,1,393655,2,1,2176.870849609375,0,0.10000002384185791,0,0,0,0,0,0.40000009536743164,30.899999618530273,8.57363224029541
7888.89990234375,22,31.945480346679688,2,2,2221068,0,0,1,1,393655,2,1,2176.870849609375,0,0,0,0,0.10000002384185791,0,0.19999992847442627,0.3999999761581421,30.799999237060547,8.774130821228027
7919.7998046875,22,31.88436508178711,2,2,2221068,0,0,1,1,393655,2,1,2176.870849609375,0,0,0,0,0,0,0.2999999523162842,0.3999999761581421,30.5,8.774130821228027
7952.7001953125,22,31.830238342285156,2,2,2221068,0,0,1,1,393655,2,1,2176.870849609375,0.09999990463256836,0,0,0,0,0,0.20000004768371582,0.5,32.400001525878906,5.7298102378845215
7983.39990234375,22,31.874202728271484,2,2,2221068,0,0,1,1,393655,2,1,2176.870849609375,0,0,0,0,0,0,0.19999992847442627,0.2999999523162842,30.399999618530273,5.7298102378845215
8042,22,30.92783546447754,2,2,2221068,0,0,1,1,393655,2,1,2176.870849609375,0,0,0,0,0,0,0,0.20000004768371582,58.400001525878906,5.774975776672363
8047.39990234375,22,31.7965030670166,2,2,2221068,0,0,1,1,393655,2,1,2176.870849609375,0.10000002384185791,0,0,0,0,0,0.5,1.1999999284744263,4.199999809265137,5.774975776672363
8064.60009765625,22,32.244197845458984,2,2,2221068,0,0,1,1,393655,2,1,2176.870849609375,0,0,0,0,0,0,0,0.2999999523162842,16.799999237060547,5.774975776672363
8095.10009765625,22,33.87151336669922,2,2,2221068,0,0,1,1,393655,2,1,2176.870849609375,0,0.10000002384185791,0,0,0,0,0.2999999523162842,0.7000000476837158,29.799999237060547,10.164459228515625
8126.10009765625,22,32.74394226074219,2,2,2221068,0,0,1,1,393655,2,1,2176.870849609375,0,0,0,0,0,0,0.10000002384185791,0.3999999761581421,30.600000381469727,10.164459228515625
8158.10009765625,22,32.34152603149414,2,2,2221068,0,0,1,1,393655,2,1,2176.870849609375,0.10000002384185791,0,0,0,0,0,0.10000002384185791,0.30000007152557373,31.700000762939453,9.578795433044434
8188.2001953125,22,32.36246109008789,2,2,2221068,0,0,1,1,393655,2,1,2176.870849609375,0,0,0,0,0.10000002384185791,0,0.20000004768371582,0.40000009536743164,29.700000762939453,9.578795433044434
8219.099609375,22,32.390411376953125,2,2,2221068,0,0,1,1,393655,2,1,2176.870849609375,0.10000002384185791,0,0,0,0,0,0.10000002384185791,0.7000000476837158,30.200000762939453,9.455294609069824
8250.900390625,22,32.369441986083984,2,2,2221068,0,0,1,1,393655,2,1,2176.870849609375,0,0,0,0,0,0,0.09999990463256836,0.5,31.299999237060547,9.455294609069824
8282.900390625,22,32.3484992980957,2,2,2221068,0,0,1,1,393655,2,1,2176.870849609375,0,0,0,0,0,0,0.19999992847442627,0.3999999761581421,31.600000381469727,6.224057197570801
8315.099609375,22,32.310176849365234,2,2,2221068,0,0,1,1,393655,2,1,2176.870849609375,0.10000002384185791,0.10000002384185791,0,0,0,0,0,0.3999999761581421,31.799999237060547,6.224057197570801
8346.900390625,22,33.59462356567383,2,2,2221068,0,0,1,1,393655,2,1,2176.870849609375,0,0,0,0,0,0,0.09999990463256836,0.3999999761581421,31.399999618530273,6.038724899291992
8379.099609375,22,32.449974060058594,2,2,2221068,0,0,1,1,393655,2,1,2176.870849609375,0,0,0,0,0.10000002384185791,0,0.20000004768371582,0.5,31.700000762939453,6.038724899291992
8411.2001953125,22,32.310176849365234,2,2,2221068,0,0,1,1,393655,2,1,2176.870849609375,0,0,0,0,0,0,0.10000002384185791,0.5,31.600000381469727,9.162046432495117
8444.7998046875,22,32.20266342163086,2,2,2221068,0,0,1,1,393655,2,1,2176.870849609375,0,0,0,0,0,0,0.10000002384185791,0.3999999761581421,33.20000076293945,9.162046432495117
8473.2001953125,22,32.28583908081055,2,2,2221068,0,0,1,1,393655,2,1,2176.870849609375,0,0,0,0,0,0,0.10000002384185791,0.30000007152557373,28.100000381469727,9.363211631774902
8505.2001953125,22,32.251129150390625,2,2,2221068,0,0,1,1,393655,2,1,2176.870849609375,0.10000002384185791,0,0,0,0,0,0.10000002384185791,0.40000009536743164,31.600000381469727,9.363211631774902
8536.5,22,32.26847457885742,2,2,2221068,0,0,1,1,393655,2,1,2176.870849609375,0,0,0,0,0,0,0.19999992847442627,0.6000000238418579,30.700000762939453,6.545307159423828
8568.099609375,22,32.27541732788086,2,2,2221068,0,0,1,1,393655,2,1,2176.870849609375,0,0,0,0,0,0,0.20000004768371582,0.30000007152557373,31.299999237060547,6.545307159423828
8599,22,32.306697845458984,2,2,2221068,0,0,1,1,393655,2,1,2176.870849609375,0.10000002384185791,0,0,0,0.09999990463256836,0,0.2999999523162842,0.7999999523162842,30.100000381469727,6.120975017547607
8672.5,22,30.86419677734375,2,2,2221068,0,0,1,1,393655,2,1,2183.0986328125,0.09999990463256836,0,0,0,0,0,0,0.2999999523162842,73.19999694824219,6.120975017547607
8673.2001953125,22,31.880977630615234,2,2,2221068,0,0,1,1,393655,2,1,2183.0986328125,0,0,0,0,0,0,0.10000002384185791,0.30000007152557373,0.3999999761581421,10.047625541687012
8692.2998046875,22,32.2962646484375,2,2,2221068,0,0,1,1,393655,2,1,2183.0986328125,0,0.10000002384185791,0,0,0,0,0.10000002384185791,0.5,18.600000381469727,10.047625541687012
8710.099609375,22,32.77613830566406,2,2,2221068,0,0,1,1,393655,2,1,2183.0986328125,0,0,0,0,0.10000002384185791,0,0.10000002384185791,0.5,17.299999237060547,10.047625541687012
8740.2998046875,22,32.822757720947266,2,2,2221068,0,0,1,1,393655,2,1,2183.0986328125,0,0,0,0,0,0,0.10000002384185791,0.5999999046325684,29.600000381469727,6.869888782501221
8771.2001953125,22,32.840721130371094,2,2,2221068,0,0,1,1,393655,2,1,2183.0986328125,0,0,0,0,0,0,0.10000002384185791,0.40000009536743164,30.5,6.869888782501221
8802.2998046875,22,32.840721130371094,2,2,2221068,0,0,1,1,393655,2,1,2183.0986328125,0,0,0,0,0,0,0.19999992847442627,0.2999999523162842,30.799999237060547,6.342141151428223
8833.599609375,22,32.837127685546875,2,2,2221068,0,0,1,1,393655,2,1,2183.0986328125,0.09999990463256836,0.10000002384185791,0,0,0,0,0,0.5,30.799999237060547,6.342141151428223
8866,22,32.84431838989258,2,2,2221068,0,0,1,1,393655,2,1,2183.0986328125,0.10000002384185791,0,0,0,0,0,0.19999992847442627,0.5,31.899999618530273,5.792809963226318
8896.7998046875,22,32.84791564941406,2,2,2221068,0,0,1,1,393655,2,1,2183.0986328125,0.10000002384185791,0,0,0,0,0,0.19999992847442627,0.3999999761581421,30.399999618530273,5.792809963226318
8927.7998046875,22,33.87916564941406,2,2,2221068,0,0,1,1,393655,2,1,2183.0986328125,0,0,0,0,0,0,0.09999990463256836,0.3999999761581421,30.600000381469727,8.571715354919434
8959.7001953125,22,32.85151290893555,2,2,2221068,0,0,1,1,393655,2,1,2183.0986328125,0,0,0,0,0,0,0.10000002384185791,0.30000007152557373,31.600000381469727,8.571715354919434
8989.599609375,22,32.45348358154297,2,2,2221068,0,0,1,1,393655,2,1,2183.0986328125,0.10000002384185791,0,0,0,0,0,0.09999990463256836,1.100000023841858,28.799999237060547,9.037630081176758
9020.400390625,22,32.41490936279297,2,2,2221068,0,0,1,1,393655,2,1,2183.0986328125,0,0,0,0,0,0,0.10000002384185791,0.6000000238418579,30.200000762939453,9.037630081176758
9051.2998046875,22,32.42191696166992,2,2,2221068,0,0,1,1,393655,2,1,2183.0986328125,0.10000002384185791,0,0,0,0,0,0.10000002384185791,0.3999999761581421,30.5,6.50180721282959
9083.7998046875,22,32.43944549560547,2,2,2221068,0,0,1,1,393655,2,1,2183.0986328125,0,0,0.10000002384185791,0,0,0,0.19999992847442627,1,31.5,6.50180721282959
9114.099609375,22,32.40790939331055,2,2,2221068,0,0,1,1,393655,2,1,2183.0986328125,0.09999990463256836,0,0,0,0,0,0.20000004768371582,0.5,29.799999237060547,6.562472820281982
9145.5,22,32.40090560913086,2,2,2221068,0,0,1,1,393655,2,1,2183.0986328125,0,0.09999990463256836,0,0,0,0,0.10000002384185791,1.2000000476837158,30.200000762939453,6.562472820281982
9177.900390625,22,32.3729362487793,2,2,2221068,0,0,1,1,393655,2,1,2183.0986328125,0,0,0,0,0,0,0.20000004768371582,0.7999999523162842,31.600000381469727,8.686964988708496
9206.599609375,22,32.485111236572266,2,2,2221068,0,0,1,1,393655,2,1,2183.0986328125,0.09999990463256836,0,0,0,0,0,0.10000002384185791,0.5,28.200000762939453,8.686964988708496
9237.7001953125,22,32.52032470703125,2,2,2221068,0,0,1,1,393655,2,1,2183.0986328125,0,0,0,0,0,0,0.10000002384185791,0.40000009536743164,30.700000762939453,5.9633917808532715
9269.2001953125,22,32.52737808227539,2,2,2221068,0,0,1,1,393655,2,1,2183.0986328125,0,0,0,0,0,0,0.20000004768371582,0.5,31,5.9633917808532715
9301.599609375,22,32.51679992675781,2,2,2221068,0,0,1,1,393655,2,1,2183.0986328125,0,0,0,0,0,0,0.20000004768371582,0.30000007152557373,32.099998474121094,5.699392795562744
9333.7001953125,22,32.52737808227539,2,2,2221068,0,0,1,1,393655,2,1,2183.0986328125,0,0,0,0,0.10000002384185791,0,0.10000002384185791,0.7000000476837158,31.5,5.699392795562744
9365.099609375,22,32.60160827636719,2,2,2221068,0,0,1,1,393655,2,1,2183.0986328125,0,0,0,0,0,0,0.2999999523162842,0.6000000238418579,30.799999237060547,6.0058088302612305
9397.400390625,22,32.48862838745117,2,2,2221068,0,0,1,1,393655,2,1,2183.0986328125,0,0,0,0,0,0,0.10000002384185791,1.1999999284744263,31.100000381469727,6.0058088302612305
9427,22,32.537960052490234,2,2,2221068,0,0,1,1,393655,2,1,2183.0986328125,0,0,0,0,0,0,0.10000002384185791,0.2999999523162842,29.299999237060547,8.188383102416992
9457.2998046875,22,32.56975173950195,2,2,2221068,0,0,1,1,393655,2,1,2183.0986328125,0,0,0,0,0,0,0.19999992847442627,0.2999999523162842,30,8.188383102416992
9487.599609375,22,32.626426696777344,2,2,2221068,0,0,1,1,393655,2,1,2183.0986328125,0.10000002384185791,0,0,0,0,0,0.10000002384185791,0.20000004768371582,30.100000381469727,5.609976768493652
9519.7998046875,22,32.56268310546875,2,2,2221068,0,0,1,1,393655,2,1,2183.0986328125,0,0,0,0,0,0,0.19999992847442627,0.19999992847442627,32,5.609976768493652
9552.900390625,22,34.11029052734375,2,2,2221068,0,0,1,1,393655,2,1,2183.0986328125,0.10000002384185791,0,0,0,0,0,0.19999992847442627,1,32,5.604144096374512
9582.400390625,22,33.003299713134766,2,2,2221068,0,0,1,1,393655,2,1,2183.0986328125,0,0,0,0,0,0,0.19999992847442627,0.3999999761581421,29.200000762939453,5.604144096374512
9611.7998046875,22,32.61933135986328,2,2,2221068,0,0,1,1,393655,2,1,2183.0986328125,0,0,0,0,0.10000002384185791,0,0.09999990463256836,0.2999999523162842,29.100000381469727,5.757893085479736
9643,22,32.15089416503906,2,2,2221068,0,0,1,1,393655,2,1,2183.0986328125,0,0.10000002384185791,0,0,0,0,0.10000002384185791,0.2999999523162842,30.899999618530273,5.757893085479736
9673.5,22,32.13711929321289,2,2,2221068,0,0,1,1,393655,2,1,1899.44140625,0,0,0,0,0,0,0.10000002384185791,0.20000004768371582,30.299999237060547,8.79079818725586
9705.2001953125,22,32.126792907714844,2,2,2221068,0,0,1,1,393655,2,1,1899.44140625,0.10000002384185791,0,0,0,0.10000002384185791,0,0.20000004768371582,0.6000000238418579,31.100000381469727,8.79079818725586
9736.599609375,22,32.10960006713867,2,2,2221068,0,0,1,1,393655,2,1,1899.44140625,0,0,0.10000002384185791,0,0,0,0.10000002384185791,0.30000007152557373,31.100000381469727,6.138142108917236
9768,22,32.09929275512695,2,2,2221068,0,0,1,1,393655,2,1,1899.44140625,0.09999990463256836,0,0,0,0,0,0.20000004768371582,0.3999999761581421,31,6.138142108917236
9798.599609375,22,32.1646842956543,2,2,2221068,0,0,1,1,393655,2,1,1899.44140625,0,0,0,0,0,0,0.10000002384185791,0.30000007152557373,30.299999237060547,5.874226093292236
9830.099609375,22,32.140560150146484,2,2,2221068,0,0,1,1,393655,2,1,1899.44140625,0.20000004768371582,0,0,0,0,0,0,0.30000007152557373,31.200000762939453,5.874226093292236
9860.5,22,32.15778732299805,2,2,2221068,0,0,1,1,393655,2,1,1899.44140625,0,0,0,0,0,0,0,0.2999999523162842,30.100000381469727,8.348382949829102
9892,22,32.17848205566406,2,2,2221068,0,0,1,1,393655,2,1,1899.44140625,0,0,0,0,0,0,0.10000002384185791,0.2999999523162842,31.200000762939453,8.348382949829102
9922.7001953125,22,32.12335205078125,2,2,2221068,0,0,1,1,393655,2,1,1899.44140625,0.10000002384185791,0,0,0,0,0,0.10000002384185791,0.30000007152557373,30.399999618530273,8.420466423034668
9954.7998046875,22,32.09585952758789,2,2,2221068,0,0,1,1,393655,2,1,1899.44140625,0,0,0,0,0,0,0.19999992847442627,0.2999999523162842,31.799999237060547,8.420466423034668
9983.7998046875,22,32.17503356933594,2,2,2221068,0,0,1,1,393655,2,1,1899.44140625,0.10000002384185791,0,0,0,0.10000002384185791,0,0.10000002384185791,0.40000009536743164,28.5,7.147720813751221
10016,22,32.16123580932617,2,2,2221068,0,0,1,1,393655,2,1,1899.44140625,0.10000002384185791,0,0,0,0,0,0.2999999523162842,0.6000000238418579,31.600000381469727,7.147720813751221
10047,22,32.1474494934082,2,2,2221068,0,0,1,1,393655,2,1,1899.44140625,0.09999990463256836,0,0,0,0,0,0.20000004768371582,0.2999999523162842,30.700000762939453,5.673976898193359
10077.400390625,22,32.1646842956543,2,2,2221068,0,0,1,1,393655,2,1,1899.44140625,0,0,0,0,0,0,0.19999992847442627,0.2999999523162842,30.100000381469727,5.673976898193359
10108.900390625,22,32.213035583496094,2,2,2221068,0,0,1,1,393655,2,1,1899.44140625,0,0,0,0,0,0,0.19999992847442627,0.5,31,8.904380798339844
10139.2998046875,22,32.15434265136719,2,2,2221068,0,0,1,1,393655,2,1,1899.44140625,0.10000002384185791,0,0,0,0,0,0,0.2999999523162842,30.100000381469727,8.904380798339844
10170.599609375,22,32.15434265136719,2,2,2221068,0,0,1,1,393655,2,1,1899.44140625,0,0,0,0,0,0,0.20000004768371582,0.30000007152557373,31,5.764558792114258
10201.7998046875,22,32.1646842956543,2,2,2221068,0,0,1,1,393655,2,1,1899.44140625,0.10000002384185791,0,0,0,0,0,0.09999990463256836,0.2999999523162842,30.899999618530273,5.764558792114258
10233.7001953125,22,32.1888427734375,2,2,2221068,0,0,1,1,393655,2,1,1899.44140625,0,0,0,0,0.09999990463256836,0,0.10000002384185791,0.5,31.399999618530273,5.648726940155029
10265.400390625,22,32.185386657714844,2,2,2221068,0,0,1,1,393655,2,1,1899.44140625,0,0,0,0,0,0,0.19999992847442627,0.2999999523162842,31.399999618530273,5.648726940155029
10297.2001953125,22,32.17848205566406,2,2,2221068,0,0,1,1,393655,2,1,1899.44140625,0,0,0,0,0,0,0.20000004768371582,0.40000009536743164,31.399999618530273,8.640131950378418
10328.900390625,22,32.18193435668945,2,2,2221068,0,0,1,1,393655,2,1,1899.44140625,0.10000002384185791,0.10000002384185791,0,0,0,0,0.09999990463256836,0.3999999761581421,31.299999237060547,8.640131950378418
10359.900390625,22,32.1646842956543,2,2,2221068,0,0,1,1,393655,2,1,1899.44140625,0,0,0,0,0,0,0.19999992847442627,0.2999999523162842,30.600000381469727,6.07764196395874
